Id,Type,Time,Level,Volts
1,moist,2015-06-09 22:25:01,464,1.5
2,moist,2015-06-09 22:25:01,650,2.1
1,moist,2015-06-09 22:35:01,437,1.41
2,moist,2015-06-09 22:35:01,689,2.22
1,moist,2015-06-09 22:45:01,427,1.38
2,moist,2015-06-09 22:45:01,706,2.28
1,moist,2015-06-09 22:55:01,424,1.37
2,moist,2015-06-09 22:55:01,711,2.29
1,moist,2015-06-09 23:05:01,417,1.35
2,moist,2015-06-09 23:05:01,706,2.28
1,moist,2015-06-09 23:15:01,419,1.35
2,moist,2015-06-09 23:15:01,700,2.26
1,moist,2015-06-09 23:25:01,416,1.34
2,moist,2015-06-09 23:25:01,697,2.25
1,moist,2015-06-09 23:35:01,418,1.35
2,moist,2015-06-09 23:35:01,692,2.23
1,moist,2015-06-09 23:45:01,429,1.38
2,moist,2015-06-09 23:45:01,693,2.24
1,moist,2015-06-09 23:55:01,421,1.36
2,moist,2015-06-09 23:55:01,687,2.22
1,moist,2015-06-10 00:05:01,421,1.36
2,moist,2015-06-10 00:05:01,686,2.21
1,moist,2015-06-10 00:15:01,418,1.35
2,moist,2015-06-10 00:15:01,683,2.2
1,moist,2015-06-10 00:25:01,416,1.34
2,moist,2015-06-10 00:25:01,680,2.19
1,moist,2015-06-10 00:35:01,418,1.35
2,moist,2015-06-10 00:35:01,677,2.18
1,moist,2015-06-10 00:45:01,416,1.34
2,moist,2015-06-10 00:45:01,672,2.17
1,moist,2015-06-10 00:55:01,409,1.32
2,moist,2015-06-10 00:55:01,672,2.17
1,moist,2015-06-10 01:05:01,408,1.32
2,moist,2015-06-10 01:05:01,671,2.16
1,moist,2015-06-10 01:15:01,405,1.31
2,moist,2015-06-10 01:15:01,672,2.17
1,moist,2015-06-10 01:25:01,406,1.31
2,moist,2015-06-10 01:25:01,667,2.15
1,moist,2015-06-10 01:35:01,402,1.3
2,moist,2015-06-10 01:35:01,668,2.15
1,moist,2015-06-10 01:45:01,403,1.3
2,moist,2015-06-10 01:45:01,662,2.14
1,moist,2015-06-10 01:55:01,399,1.29
2,moist,2015-06-10 01:55:01,663,2.14
1,moist,2015-06-10 02:05:01,398,1.28
2,moist,2015-06-10 02:05:01,658,2.12
1,moist,2015-06-10 02:15:01,392,1.26
2,moist,2015-06-10 02:15:01,662,2.14
1,moist,2015-06-10 02:25:01,392,1.26
2,moist,2015-06-10 02:25:01,661,2.13
1,moist,2015-06-10 02:35:01,395,1.27
2,moist,2015-06-10 02:35:01,670,2.16
1,moist,2015-06-10 02:45:01,390,1.26
2,moist,2015-06-10 02:45:01,665,2.15
1,moist,2015-06-10 02:55:01,378,1.22
2,moist,2015-06-10 02:55:01,661,2.13
1,moist,2015-06-10 03:05:01,384,1.24
2,moist,2015-06-10 03:05:02,660,2.13
1,moist,2015-06-10 03:15:01,382,1.23
2,moist,2015-06-10 03:15:02,658,2.12
1,moist,2015-06-10 03:25:01,381,1.23
2,moist,2015-06-10 03:25:02,656,2.12
1,moist,2015-06-10 03:35:02,381,1.23
2,moist,2015-06-10 03:35:02,649,2.09
1,moist,2015-06-10 03:45:02,378,1.22
2,moist,2015-06-10 03:45:02,651,2.1
1,moist,2015-06-10 03:55:02,382,1.23
2,moist,2015-06-10 03:55:02,653,2.11
1,moist,2015-06-10 04:05:02,379,1.22
2,moist,2015-06-10 04:05:02,650,2.1
1,moist,2015-06-10 04:15:02,377,1.22
2,moist,2015-06-10 04:15:02,652,2.1
1,moist,2015-06-10 04:25:02,375,1.21
2,moist,2015-06-10 04:25:02,649,2.09
1,moist,2015-06-10 04:35:02,373,1.2
2,moist,2015-06-10 04:35:02,648,2.09
1,moist,2015-06-10 04:45:02,372,1.2
2,moist,2015-06-10 04:45:02,644,2.08
1,moist,2015-06-10 04:55:02,370,1.19
2,moist,2015-06-10 04:55:02,647,2.09
1,moist,2015-06-10 05:05:02,369,1.19
2,moist,2015-06-10 05:05:02,643,2.07
1,moist,2015-06-10 05:15:02,363,1.17
2,moist,2015-06-10 05:15:02,647,2.09
1,moist,2015-06-10 05:25:02,359,1.16
2,moist,2015-06-10 05:25:02,651,2.1
1,moist,2015-06-10 05:35:02,359,1.16
2,moist,2015-06-10 05:35:02,651,2.1
1,moist,2015-06-10 05:45:02,359,1.16
2,moist,2015-06-10 05:45:02,650,2.1
1,moist,2015-06-10 05:55:02,356,1.15
2,moist,2015-06-10 05:55:02,649,2.09
1,moist,2015-06-10 06:05:02,358,1.15
2,moist,2015-06-10 06:05:02,650,2.1
1,moist,2015-06-10 06:15:02,357,1.15
2,moist,2015-06-10 06:15:02,643,2.07
1,moist,2015-06-10 06:25:02,354,1.14
2,moist,2015-06-10 06:25:02,646,2.08
1,moist,2015-06-10 06:35:02,356,1.15
2,moist,2015-06-10 06:35:02,643,2.07
1,moist,2015-06-10 06:45:02,354,1.14
2,moist,2015-06-10 06:45:02,640,2.06
1,moist,2015-06-10 06:55:02,354,1.14
2,moist,2015-06-10 06:55:02,640,2.06
1,moist,2015-06-10 07:05:02,354,1.14
2,moist,2015-06-10 07:05:02,638,2.06
1,moist,2015-06-10 07:15:02,353,1.14
2,moist,2015-06-10 07:15:02,635,2.05
1,moist,2015-06-10 07:25:02,351,1.13
2,moist,2015-06-10 07:25:02,635,2.05
1,moist,2015-06-10 07:35:02,350,1.13
2,moist,2015-06-10 07:35:02,637,2.05
1,moist,2015-06-10 07:45:02,357,1.15
2,moist,2015-06-10 07:45:02,636,2.05
1,moist,2015-06-10 07:55:02,345,1.11
2,moist,2015-06-10 07:55:02,634,2.05
1,moist,2015-06-10 08:05:02,345,1.11
2,moist,2015-06-10 08:05:02,632,2.04
1,moist,2015-06-10 08:15:02,344,1.11
2,moist,2015-06-10 08:15:02,630,2.03
1,moist,2015-06-10 08:25:02,344,1.11
2,moist,2015-06-10 08:25:02,629,2.03
1,moist,2015-06-10 08:35:02,340,1.1
2,moist,2015-06-10 08:35:02,628,2.03
1,moist,2015-06-10 08:45:02,341,1.1
2,moist,2015-06-10 08:45:02,626,2.02
1,moist,2015-06-10 08:55:02,338,1.09
2,moist,2015-06-10 08:55:02,627,2.02
1,moist,2015-06-10 09:05:02,337,1.09
2,moist,2015-06-10 09:05:02,627,2.02
1,moist,2015-06-10 09:15:02,336,1.08
2,moist,2015-06-10 09:15:02,624,2.01
1,moist,2015-06-10 09:25:02,333,1.07
2,moist,2015-06-10 09:25:02,625,2.02
1,moist,2015-06-10 09:35:02,331,1.07
2,moist,2015-06-10 09:35:02,622,2.01
1,moist,2015-06-10 09:45:02,333,1.07
2,moist,2015-06-10 09:45:02,622,2.01
1,moist,2015-06-10 09:55:02,328,1.06
2,moist,2015-06-10 09:55:02,619,2.0
1,moist,2015-06-10 10:05:02,327,1.05
2,moist,2015-06-10 10:05:02,620,2.0
1,moist,2015-06-10 10:15:02,327,1.05
2,moist,2015-06-10 10:15:02,620,2.0
1,moist,2015-06-10 10:25:02,327,1.05
2,moist,2015-06-10 10:25:02,619,2.0
1,moist,2015-06-10 10:35:02,326,1.05
2,moist,2015-06-10 10:35:02,618,1.99
1,moist,2015-06-10 10:45:02,324,1.05
2,moist,2015-06-10 10:45:02,615,1.98
1,moist,2015-06-10 10:55:02,322,1.04
2,moist,2015-06-10 10:55:02,614,1.98
1,moist,2015-06-10 11:05:02,323,1.04
2,moist,2015-06-10 11:05:02,613,1.98
1,moist,2015-06-10 11:15:02,323,1.04
2,moist,2015-06-10 11:15:02,609,1.96
1,moist,2015-06-10 11:25:02,322,1.04
2,moist,2015-06-10 11:25:02,608,1.96
1,moist,2015-06-10 11:35:02,321,1.04
2,moist,2015-06-10 11:35:02,608,1.96
1,moist,2015-06-10 11:45:02,320,1.03
2,moist,2015-06-10 11:45:02,608,1.96
1,moist,2015-06-10 11:55:02,318,1.03
2,moist,2015-06-10 11:55:02,609,1.96
1,moist,2015-06-10 12:05:02,318,1.03
2,moist,2015-06-10 12:05:02,608,1.96
1,moist,2015-06-10 12:15:02,316,1.02
2,moist,2015-06-10 12:15:02,610,1.97
1,moist,2015-06-10 12:25:02,312,1.01
2,moist,2015-06-10 12:25:02,610,1.97
1,moist,2015-06-10 12:35:02,316,1.02
2,moist,2015-06-10 12:35:02,608,1.96
1,moist,2015-06-10 12:45:02,309,1.0
2,moist,2015-06-10 12:45:02,606,1.95
1,moist,2015-06-10 12:55:02,314,1.01
2,moist,2015-06-10 12:55:02,605,1.95
1,moist,2015-06-10 13:05:02,312,1.01
2,moist,2015-06-10 13:05:02,606,1.95
1,moist,2015-06-10 13:15:02,312,1.01
2,moist,2015-06-10 13:15:02,604,1.95
1,moist,2015-06-10 13:25:02,313,1.01
2,moist,2015-06-10 13:25:02,604,1.95
1,moist,2015-06-10 13:35:02,311,1.0
2,moist,2015-06-10 13:35:02,610,1.97
1,moist,2015-06-10 13:45:02,312,1.01
2,moist,2015-06-10 13:45:02,604,1.95
1,moist,2015-06-10 13:55:02,310,1.0
2,moist,2015-06-10 13:55:02,602,1.94
1,moist,2015-06-10 14:05:02,315,1.02
2,moist,2015-06-10 14:05:02,602,1.94
1,moist,2015-06-10 14:15:02,307,0.99
2,moist,2015-06-10 14:15:02,603,1.95
1,moist,2015-06-10 14:25:02,306,0.99
2,moist,2015-06-10 14:25:02,602,1.94
1,moist,2015-06-10 14:35:02,305,0.98
2,moist,2015-06-10 14:35:02,602,1.94
1,moist,2015-06-10 14:45:02,305,0.98
2,moist,2015-06-10 14:45:02,600,1.94
1,moist,2015-06-10 14:55:02,304,0.98
2,moist,2015-06-10 14:55:02,601,1.94
1,moist,2015-06-10 15:05:02,303,0.98
2,moist,2015-06-10 15:05:02,599,1.93
1,moist,2015-06-10 15:15:02,304,0.98
2,moist,2015-06-10 15:15:02,598,1.93
1,moist,2015-06-10 15:25:02,304,0.98
2,moist,2015-06-10 15:25:02,599,1.93
1,moist,2015-06-10 15:35:02,301,0.97
2,moist,2015-06-10 15:35:02,598,1.93
1,moist,2015-06-10 15:45:02,300,0.97
2,moist,2015-06-10 15:45:02,598,1.93
1,moist,2015-06-10 15:55:02,301,0.97
2,moist,2015-06-10 15:55:02,597,1.93
1,moist,2015-06-10 16:05:02,301,0.97
2,moist,2015-06-10 16:05:02,596,1.92
1,moist,2015-06-10 16:15:02,300,0.97
2,moist,2015-06-10 16:15:02,596,1.92
1,moist,2015-06-10 16:25:02,299,0.96
2,moist,2015-06-10 16:25:02,594,1.92
1,moist,2015-06-10 16:35:02,300,0.97
2,moist,2015-06-10 16:35:02,595,1.92
1,moist,2015-06-10 16:45:02,298,0.96
2,moist,2015-06-10 16:45:02,593,1.91
1,moist,2015-06-10 16:55:02,298,0.96
2,moist,2015-06-10 16:55:02,593,1.91
1,moist,2015-06-10 17:05:02,300,0.97
2,moist,2015-06-10 17:05:02,594,1.92
1,moist,2015-06-10 17:15:02,297,0.96
2,moist,2015-06-10 17:15:02,594,1.92
1,moist,2015-06-10 17:25:02,298,0.96
2,moist,2015-06-10 17:25:02,593,1.91
1,moist,2015-06-10 17:35:02,296,0.95
2,moist,2015-06-10 17:35:02,593,1.91
1,moist,2015-06-10 17:45:02,298,0.96
2,moist,2015-06-10 17:45:02,591,1.91
1,moist,2015-06-10 17:55:02,297,0.96
2,moist,2015-06-10 17:55:02,590,1.9
1,moist,2015-06-10 18:05:02,300,0.97
2,moist,2015-06-10 18:05:02,592,1.91
1,moist,2015-06-10 18:15:02,295,0.95
2,moist,2015-06-10 18:15:02,590,1.9
1,moist,2015-06-10 18:25:02,296,0.95
2,moist,2015-06-10 18:25:02,590,1.9
1,moist,2015-06-10 18:35:02,295,0.95
2,moist,2015-06-10 18:35:02,590,1.9
1,moist,2015-06-10 18:45:02,294,0.95
2,moist,2015-06-10 18:45:02,591,1.91
1,moist,2015-06-10 18:55:02,295,0.95
2,moist,2015-06-10 18:55:02,589,1.9
1,moist,2015-06-10 19:05:02,295,0.95
2,moist,2015-06-10 19:05:02,587,1.89
1,moist,2015-06-10 19:15:02,294,0.95
2,moist,2015-06-10 19:15:02,588,1.9
1,moist,2015-06-10 19:25:02,293,0.95
2,moist,2015-06-10 19:25:02,588,1.9
1,moist,2015-06-10 19:35:02,292,0.94
2,moist,2015-06-10 19:35:02,587,1.89
1,moist,2015-06-10 19:45:02,292,0.94
2,moist,2015-06-10 19:45:02,588,1.9
1,moist,2015-06-10 19:55:02,292,0.94
2,moist,2015-06-10 19:55:02,587,1.89
1,moist,2015-06-10 20:05:02,291,0.94
2,moist,2015-06-10 20:05:02,587,1.89
1,moist,2015-06-10 20:15:02,291,0.94
2,moist,2015-06-10 20:15:02,586,1.89
1,moist,2015-06-10 20:25:02,291,0.94
2,moist,2015-06-10 20:25:02,586,1.89
1,moist,2015-06-10 20:35:02,291,0.94
2,moist,2015-06-10 20:35:02,583,1.88
1,moist,2015-06-10 20:45:02,294,0.95
2,moist,2015-06-10 20:45:02,581,1.87
1,moist,2015-06-10 20:55:02,294,0.95
2,moist,2015-06-10 20:55:02,583,1.88
1,moist,2015-06-10 21:05:02,292,0.94
2,moist,2015-06-10 21:05:02,580,1.87
1,moist,2015-06-10 21:15:02,292,0.94
2,moist,2015-06-10 21:15:02,581,1.87
1,moist,2015-06-10 21:25:02,290,0.94
2,moist,2015-06-10 21:25:02,580,1.87
1,moist,2015-06-10 21:35:02,290,0.94
2,moist,2015-06-10 21:35:02,581,1.87
1,moist,2015-06-10 21:45:02,292,0.94
2,moist,2015-06-10 21:45:02,580,1.87
1,moist,2015-06-10 21:55:02,291,0.94
2,moist,2015-06-10 21:55:02,579,1.87
1,moist,2015-06-10 22:05:02,290,0.94
2,moist,2015-06-10 22:05:02,578,1.86
1,moist,2015-06-10 22:15:02,290,0.94
2,moist,2015-06-10 22:15:02,579,1.87
1,moist,2015-06-10 22:25:02,290,0.94
2,moist,2015-06-10 22:25:02,580,1.87
1,moist,2015-06-10 22:35:02,289,0.93
2,moist,2015-06-10 22:35:02,579,1.87
1,moist,2015-06-10 22:45:02,292,0.94
2,moist,2015-06-10 22:45:02,579,1.87
1,moist,2015-06-10 22:55:02,289,0.93
2,moist,2015-06-10 22:55:02,577,1.86
1,moist,2015-06-10 23:05:02,289,0.93
2,moist,2015-06-10 23:05:02,576,1.86
1,moist,2015-06-10 23:15:02,288,0.93
2,moist,2015-06-10 23:15:02,577,1.86
1,moist,2015-06-10 23:25:02,289,0.93
2,moist,2015-06-10 23:25:02,576,1.86
1,moist,2015-06-10 23:35:02,288,0.93
2,moist,2015-06-10 23:35:02,576,1.86
1,moist,2015-06-10 23:45:02,289,0.93
2,moist,2015-06-10 23:45:02,574,1.85
1,moist,2015-06-10 23:55:02,289,0.93
2,moist,2015-06-10 23:55:02,576,1.86
1,moist,2015-06-11 00:05:02,290,0.94
2,moist,2015-06-11 00:05:02,576,1.86
1,moist,2015-06-11 00:15:02,289,0.93
2,moist,2015-06-11 00:15:02,577,1.86
1,moist,2015-06-11 00:25:02,289,0.93
2,moist,2015-06-11 00:25:02,575,1.85
1,moist,2015-06-11 00:35:02,290,0.94
2,moist,2015-06-11 00:35:02,576,1.86
1,moist,2015-06-11 00:45:02,288,0.93
2,moist,2015-06-11 00:45:02,576,1.86
1,moist,2015-06-11 00:55:02,287,0.93
2,moist,2015-06-11 00:55:02,574,1.85
1,moist,2015-06-11 01:05:02,288,0.93
2,moist,2015-06-11 01:05:02,574,1.85
1,moist,2015-06-11 01:15:02,289,0.93
2,moist,2015-06-11 01:15:02,577,1.86
1,moist,2015-06-11 01:25:02,288,0.93
2,moist,2015-06-11 01:25:02,573,1.85
1,moist,2015-06-11 01:35:02,289,0.93
2,moist,2015-06-11 01:35:02,573,1.85
1,moist,2015-06-11 01:45:02,288,0.93
2,moist,2015-06-11 01:45:02,573,1.85
1,moist,2015-06-11 01:55:02,290,0.94
2,moist,2015-06-11 01:55:02,574,1.85
1,moist,2015-06-11 02:05:02,291,0.94
2,moist,2015-06-11 02:05:02,572,1.85
1,moist,2015-06-11 02:15:02,291,0.94
2,moist,2015-06-11 02:15:02,572,1.85
1,moist,2015-06-11 02:25:02,290,0.94
2,moist,2015-06-11 02:25:02,572,1.85
1,moist,2015-06-11 02:35:02,289,0.93
2,moist,2015-06-11 02:35:02,571,1.84
1,moist,2015-06-11 02:45:02,290,0.94
2,moist,2015-06-11 02:45:02,568,1.83
1,moist,2015-06-11 02:55:02,291,0.94
2,moist,2015-06-11 02:55:02,569,1.84
1,moist,2015-06-11 03:05:02,289,0.93
2,moist,2015-06-11 03:05:02,569,1.84
1,moist,2015-06-11 03:15:02,289,0.93
2,moist,2015-06-11 03:15:02,569,1.84
1,moist,2015-06-11 03:25:02,289,0.93
2,moist,2015-06-11 03:25:02,570,1.84
1,moist,2015-06-11 03:35:02,290,0.94
2,moist,2015-06-11 03:35:02,569,1.84
1,moist,2015-06-11 03:45:02,287,0.93
2,moist,2015-06-11 03:45:02,568,1.83
1,moist,2015-06-11 03:55:02,290,0.94
2,moist,2015-06-11 03:55:02,571,1.84
1,moist,2015-06-11 04:05:02,289,0.93
2,moist,2015-06-11 04:05:02,569,1.84
1,moist,2015-06-11 04:15:02,289,0.93
2,moist,2015-06-11 04:15:02,571,1.84
1,moist,2015-06-11 04:25:02,289,0.93
2,moist,2015-06-11 04:25:02,570,1.84
1,moist,2015-06-11 04:35:02,290,0.94
2,moist,2015-06-11 04:35:02,571,1.84
1,moist,2015-06-11 04:45:02,288,0.93
2,moist,2015-06-11 04:45:02,570,1.84
1,moist,2015-06-11 04:55:02,289,0.93
2,moist,2015-06-11 04:55:02,572,1.85
1,moist,2015-06-11 05:05:02,288,0.93
2,moist,2015-06-11 05:05:02,571,1.84
1,moist,2015-06-11 05:15:02,289,0.93
2,moist,2015-06-11 05:15:02,571,1.84
1,moist,2015-06-11 05:25:02,287,0.93
2,moist,2015-06-11 05:25:02,570,1.84
1,moist,2015-06-11 05:35:02,286,0.92
2,moist,2015-06-11 05:35:02,571,1.84
1,moist,2015-06-11 05:45:02,290,0.94
2,moist,2015-06-11 05:45:02,572,1.85
1,moist,2015-06-11 05:55:02,289,0.93
2,moist,2015-06-11 05:55:02,571,1.84
1,moist,2015-06-11 06:05:02,288,0.93
2,moist,2015-06-11 06:05:02,571,1.84
1,moist,2015-06-11 06:15:02,290,0.94
2,moist,2015-06-11 06:15:02,572,1.85
1,moist,2015-06-11 06:25:02,288,0.93
2,moist,2015-06-11 06:25:02,570,1.84
1,moist,2015-06-11 06:35:02,287,0.93
2,moist,2015-06-11 06:35:02,568,1.83
1,moist,2015-06-11 06:45:02,288,0.93
2,moist,2015-06-11 06:45:02,571,1.84
1,moist,2015-06-11 06:55:02,290,0.94
2,moist,2015-06-11 06:55:02,571,1.84
1,moist,2015-06-11 07:05:02,288,0.93
2,moist,2015-06-11 07:05:02,570,1.84
1,moist,2015-06-11 07:15:02,288,0.93
2,moist,2015-06-11 07:15:02,571,1.84
1,moist,2015-06-11 07:25:02,287,0.93
2,moist,2015-06-11 07:25:02,569,1.84
1,moist,2015-06-11 07:35:02,288,0.93
2,moist,2015-06-11 07:35:02,569,1.84
1,moist,2015-06-11 07:45:02,281,0.91
2,moist,2015-06-11 07:45:02,568,1.83
1,moist,2015-06-11 07:55:02,285,0.92
2,moist,2015-06-11 07:55:02,568,1.83
1,moist,2015-06-11 08:05:02,285,0.92
2,moist,2015-06-11 08:05:02,567,1.83
1,moist,2015-06-11 08:15:02,283,0.91
2,moist,2015-06-11 08:15:02,565,1.82
1,moist,2015-06-11 08:25:02,284,0.92
2,moist,2015-06-11 08:25:02,564,1.82
1,moist,2015-06-11 08:35:02,286,0.92
2,moist,2015-06-11 08:35:02,564,1.82
1,moist,2015-06-11 08:45:02,284,0.92
2,moist,2015-06-11 08:45:02,563,1.82
1,moist,2015-06-11 08:55:02,285,0.92
2,moist,2015-06-11 08:55:02,562,1.81
1,moist,2015-06-11 09:05:02,282,0.91
2,moist,2015-06-11 09:05:02,562,1.81
1,moist,2015-06-11 09:15:02,283,0.91
2,moist,2015-06-11 09:15:02,561,1.81
1,moist,2015-06-11 09:25:02,283,0.91
2,moist,2015-06-11 09:25:02,561,1.81
1,moist,2015-06-11 09:35:02,283,0.91
2,moist,2015-06-11 09:35:02,560,1.81
1,moist,2015-06-11 09:45:02,284,0.92
2,moist,2015-06-11 09:45:02,559,1.8
1,moist,2015-06-11 09:55:02,284,0.92
2,moist,2015-06-11 09:55:02,558,1.8
1,moist,2015-06-11 10:05:02,282,0.91
2,moist,2015-06-11 10:05:02,558,1.8
1,moist,2015-06-11 10:15:02,283,0.91
2,moist,2015-06-11 10:15:02,559,1.8
1,moist,2015-06-11 10:25:02,282,0.91
2,moist,2015-06-11 10:25:02,558,1.8
1,moist,2015-06-11 10:35:02,283,0.91
2,moist,2015-06-11 10:35:02,558,1.8
1,moist,2015-06-11 10:45:02,282,0.91
2,moist,2015-06-11 10:45:02,558,1.8
1,moist,2015-06-11 10:55:02,283,0.91
2,moist,2015-06-11 10:55:02,558,1.8
1,moist,2015-06-11 11:05:02,282,0.91
2,moist,2015-06-11 11:05:02,556,1.79
1,moist,2015-06-11 11:15:02,283,0.91
2,moist,2015-06-11 11:15:02,555,1.79
1,moist,2015-06-11 11:25:02,283,0.91
2,moist,2015-06-11 11:25:02,554,1.79
1,moist,2015-06-11 11:35:02,282,0.91
2,moist,2015-06-11 11:35:02,553,1.78
1,moist,2015-06-11 11:45:02,283,0.91
2,moist,2015-06-11 11:45:02,555,1.79
1,moist,2015-06-11 11:55:02,281,0.91
2,moist,2015-06-11 11:55:02,554,1.79
1,moist,2015-06-11 12:05:02,279,0.9
2,moist,2015-06-11 12:05:02,553,1.78
1,moist,2015-06-11 12:15:02,282,0.91
2,moist,2015-06-11 12:15:02,555,1.79
1,moist,2015-06-11 12:25:02,282,0.91
2,moist,2015-06-11 12:25:02,554,1.79
1,moist,2015-06-11 12:35:02,281,0.91
2,moist,2015-06-11 12:35:02,554,1.79
1,moist,2015-06-11 12:45:02,278,0.9
2,moist,2015-06-11 12:45:02,552,1.78
1,moist,2015-06-11 12:55:02,281,0.91
2,moist,2015-06-11 12:55:02,552,1.78
1,moist,2015-06-11 13:05:02,283,0.91
2,moist,2015-06-11 13:05:02,553,1.78
1,moist,2015-06-11 13:15:02,282,0.91
2,moist,2015-06-11 13:15:02,552,1.78
1,moist,2015-06-11 13:25:02,279,0.9
2,moist,2015-06-11 13:25:02,551,1.78
1,moist,2015-06-11 13:35:02,278,0.9
2,moist,2015-06-11 13:35:02,551,1.78
1,moist,2015-06-11 13:45:02,278,0.9
2,moist,2015-06-11 13:45:02,550,1.77
1,moist,2015-06-11 13:55:02,280,0.9
2,moist,2015-06-11 13:55:02,551,1.78
1,moist,2015-06-11 14:05:02,281,0.91
2,moist,2015-06-11 14:05:02,550,1.77
1,moist,2015-06-11 14:15:02,279,0.9
2,moist,2015-06-11 14:15:02,548,1.77
1,moist,2015-06-11 14:25:02,280,0.9
2,moist,2015-06-11 14:25:02,551,1.78
1,moist,2015-06-11 14:35:02,278,0.9
2,moist,2015-06-11 14:35:02,548,1.77
1,moist,2015-06-11 14:45:02,279,0.9
2,moist,2015-06-11 14:45:02,549,1.77
1,moist,2015-06-11 14:55:02,279,0.9
2,moist,2015-06-11 14:55:02,550,1.77
1,moist,2015-06-11 15:05:02,278,0.9
2,moist,2015-06-11 15:05:02,548,1.77
1,moist,2015-06-11 15:15:02,275,0.89
2,moist,2015-06-11 15:15:02,548,1.77
1,moist,2015-06-11 15:25:02,278,0.9
2,moist,2015-06-11 15:25:02,547,1.76
1,moist,2015-06-11 15:35:02,278,0.9
2,moist,2015-06-11 15:35:02,547,1.76
1,moist,2015-06-11 15:45:02,278,0.9
2,moist,2015-06-11 15:45:02,547,1.76
1,moist,2015-06-11 15:55:02,278,0.9
2,moist,2015-06-11 15:55:02,545,1.76
1,moist,2015-06-11 16:05:02,278,0.9
2,moist,2015-06-11 16:05:02,544,1.75
1,moist,2015-06-11 16:15:02,277,0.89
2,moist,2015-06-11 16:15:02,545,1.76
1,moist,2015-06-11 16:25:02,278,0.9
2,moist,2015-06-11 16:25:02,546,1.76
1,moist,2015-06-11 16:35:02,278,0.9
2,moist,2015-06-11 16:35:02,546,1.76
1,moist,2015-06-11 16:45:02,277,0.89
2,moist,2015-06-11 16:45:02,545,1.76
1,moist,2015-06-11 16:55:02,278,0.9
2,moist,2015-06-11 16:55:02,546,1.76
1,moist,2015-06-11 17:05:02,277,0.89
2,moist,2015-06-11 17:05:02,544,1.75
1,moist,2015-06-11 17:15:02,279,0.9
2,moist,2015-06-11 17:15:02,538,1.74
1,moist,2015-06-11 17:25:02,278,0.9
2,moist,2015-06-11 17:25:02,542,1.75
1,moist,2015-06-11 17:35:02,278,0.9
2,moist,2015-06-11 17:35:02,544,1.75
1,moist,2015-06-11 17:45:02,276,0.89
2,moist,2015-06-11 17:45:02,544,1.75
1,moist,2015-06-11 17:55:02,278,0.9
2,moist,2015-06-11 17:55:02,545,1.76
1,moist,2015-06-11 18:05:02,276,0.89
2,moist,2015-06-11 18:05:02,544,1.75
1,moist,2015-06-11 18:15:02,916,2.95
2,moist,2015-06-11 18:15:02,912,2.94
1,moist,2015-06-11 18:25:02,239,0.77
2,moist,2015-06-11 18:25:02,163,0.53
1,moist,2015-06-11 18:35:02,251,0.81
2,moist,2015-06-11 18:35:02,172,0.55
1,moist,2015-06-11 18:45:02,259,0.84
2,moist,2015-06-11 18:45:02,173,0.56
1,moist,2015-06-11 18:55:02,267,0.86
2,moist,2015-06-11 18:55:02,178,0.57
1,moist,2015-06-11 19:05:02,271,0.87
2,moist,2015-06-11 19:05:02,180,0.58
1,moist,2015-06-11 19:15:02,280,0.9
2,moist,2015-06-11 19:15:02,184,0.59
1,moist,2015-06-11 19:25:02,280,0.9
2,moist,2015-06-11 19:25:02,186,0.6
1,moist,2015-06-11 19:35:02,280,0.9
2,moist,2015-06-11 19:35:02,189,0.61
1,moist,2015-06-11 19:45:02,276,0.89
2,moist,2015-06-11 19:45:02,193,0.62
1,moist,2015-06-11 19:55:02,281,0.91
2,moist,2015-06-11 19:55:02,200,0.65
1,moist,2015-06-11 20:05:02,282,0.91
2,moist,2015-06-11 20:05:02,199,0.64
1,moist,2015-06-11 20:15:02,280,0.9
2,moist,2015-06-11 20:15:02,205,0.66
1,moist,2015-06-11 20:25:02,280,0.9
2,moist,2015-06-11 20:25:02,208,0.67
1,moist,2015-06-11 20:35:02,281,0.91
2,moist,2015-06-11 20:35:02,210,0.68
1,moist,2015-06-11 20:45:02,281,0.91
2,moist,2015-06-11 20:45:02,213,0.69
1,moist,2015-06-11 20:55:02,283,0.91
2,moist,2015-06-11 20:55:02,214,0.69
1,moist,2015-06-11 21:05:02,282,0.91
2,moist,2015-06-11 21:05:02,216,0.7
1,moist,2015-06-11 21:15:02,284,0.92
2,moist,2015-06-11 21:15:02,218,0.7
1,moist,2015-06-11 21:25:02,284,0.92
2,moist,2015-06-11 21:25:02,220,0.71
1,moist,2015-06-11 21:35:02,282,0.91
2,moist,2015-06-11 21:35:02,223,0.72
1,moist,2015-06-11 21:45:02,287,0.93
2,moist,2015-06-11 21:45:02,223,0.72
1,moist,2015-06-11 21:55:02,282,0.91
2,moist,2015-06-11 21:55:02,225,0.73
1,moist,2015-06-11 22:05:02,286,0.92
2,moist,2015-06-11 22:05:02,224,0.72
1,moist,2015-06-11 22:15:02,286,0.92
2,moist,2015-06-11 22:15:02,227,0.73
1,moist,2015-06-11 22:25:02,285,0.92
2,moist,2015-06-11 22:25:02,226,0.73
1,moist,2015-06-11 22:35:02,286,0.92
2,moist,2015-06-11 22:35:02,228,0.74
1,moist,2015-06-11 22:45:02,288,0.93
2,moist,2015-06-11 22:45:02,234,0.75
1,moist,2015-06-11 22:55:02,284,0.92
2,moist,2015-06-11 22:55:02,232,0.75
1,moist,2015-06-11 23:05:02,286,0.92
2,moist,2015-06-11 23:05:02,231,0.75
1,moist,2015-06-11 23:15:02,288,0.93
2,moist,2015-06-11 23:15:02,234,0.75
1,moist,2015-06-11 23:25:02,288,0.93
2,moist,2015-06-11 23:25:02,232,0.75
1,moist,2015-06-11 23:35:02,287,0.93
2,moist,2015-06-11 23:35:02,234,0.75
1,moist,2015-06-11 23:45:02,285,0.92
2,moist,2015-06-11 23:45:02,236,0.76
1,moist,2015-06-11 23:55:02,288,0.93
2,moist,2015-06-11 23:55:02,237,0.76
1,moist,2015-06-12 00:05:02,289,0.93
2,moist,2015-06-12 00:05:02,238,0.77
1,moist,2015-06-12 00:15:02,288,0.93
2,moist,2015-06-12 00:15:02,237,0.76
1,moist,2015-06-12 00:25:02,286,0.92
2,moist,2015-06-12 00:25:02,238,0.77
1,moist,2015-06-12 00:35:02,284,0.92
2,moist,2015-06-12 00:35:02,237,0.76
1,moist,2015-06-12 00:45:02,282,0.91
2,moist,2015-06-12 00:45:02,234,0.75
1,moist,2015-06-12 00:55:02,280,0.9
2,moist,2015-06-12 00:55:02,235,0.76
1,moist,2015-06-12 01:05:02,280,0.9
2,moist,2015-06-12 01:05:02,236,0.76
1,moist,2015-06-12 01:15:02,284,0.92
2,moist,2015-06-12 01:15:02,240,0.77
1,moist,2015-06-12 01:25:02,292,0.94
2,moist,2015-06-12 01:25:02,241,0.78
1,moist,2015-06-12 01:35:02,280,0.9
2,moist,2015-06-12 01:35:02,240,0.77
1,moist,2015-06-12 01:45:02,276,0.89
2,moist,2015-06-12 01:45:02,238,0.77
1,moist,2015-06-12 01:55:02,278,0.9
2,moist,2015-06-12 01:55:02,240,0.77
1,moist,2015-06-12 02:05:02,275,0.89
2,moist,2015-06-12 02:05:02,233,0.75
1,moist,2015-06-12 02:15:02,271,0.87
2,moist,2015-06-12 02:15:02,235,0.76
1,moist,2015-06-12 02:25:02,273,0.88
2,moist,2015-06-12 02:25:02,235,0.76
1,moist,2015-06-12 02:35:02,278,0.9
2,moist,2015-06-12 02:35:02,235,0.76
1,moist,2015-06-12 02:45:02,278,0.9
2,moist,2015-06-12 02:45:02,237,0.76
1,moist,2015-06-12 02:55:02,278,0.9
2,moist,2015-06-12 02:55:02,237,0.76
1,moist,2015-06-12 03:05:02,277,0.89
2,moist,2015-06-12 03:05:02,237,0.76
1,moist,2015-06-12 03:15:02,277,0.89
2,moist,2015-06-12 03:15:02,236,0.76
1,moist,2015-06-12 03:25:02,272,0.88
2,moist,2015-06-12 03:25:02,239,0.77
1,moist,2015-06-12 03:35:02,270,0.87
2,moist,2015-06-12 03:35:02,237,0.76
1,moist,2015-06-12 03:45:02,273,0.88
2,moist,2015-06-12 03:45:02,237,0.76
1,moist,2015-06-12 03:55:02,274,0.88
2,moist,2015-06-12 03:55:02,238,0.77
1,moist,2015-06-12 04:05:02,273,0.88
2,moist,2015-06-12 04:05:02,237,0.76
1,moist,2015-06-12 04:15:02,276,0.89
2,moist,2015-06-12 04:15:02,239,0.77
1,moist,2015-06-12 04:25:02,274,0.88
2,moist,2015-06-12 04:25:02,239,0.77
1,moist,2015-06-12 04:35:02,275,0.89
2,moist,2015-06-12 04:35:02,231,0.75
1,moist,2015-06-12 04:45:02,274,0.88
2,moist,2015-06-12 04:45:02,237,0.76
1,moist,2015-06-12 04:55:02,274,0.88
2,moist,2015-06-12 04:55:02,238,0.77
1,moist,2015-06-12 05:05:02,271,0.87
2,moist,2015-06-12 05:05:02,234,0.75
1,moist,2015-06-12 05:15:02,277,0.89
2,moist,2015-06-12 05:15:02,236,0.76
1,moist,2015-06-12 05:25:02,273,0.88
2,moist,2015-06-12 05:25:02,234,0.75
1,moist,2015-06-12 05:35:02,272,0.88
2,moist,2015-06-12 05:35:02,236,0.76
1,moist,2015-06-12 05:45:02,273,0.88
2,moist,2015-06-12 05:45:02,239,0.77
1,moist,2015-06-12 05:55:02,273,0.88
2,moist,2015-06-12 05:55:02,237,0.76
1,moist,2015-06-12 06:05:02,271,0.87
2,moist,2015-06-12 06:05:02,238,0.77
1,moist,2015-06-12 06:15:02,272,0.88
2,moist,2015-06-12 06:15:02,238,0.77
1,moist,2015-06-12 06:25:02,273,0.88
2,moist,2015-06-12 06:25:02,238,0.77
1,moist,2015-06-12 06:35:02,270,0.87
2,moist,2015-06-12 06:35:02,235,0.76
1,moist,2015-06-12 06:45:02,270,0.87
2,moist,2015-06-12 06:45:02,236,0.76
1,moist,2015-06-12 06:55:02,272,0.88
2,moist,2015-06-12 06:55:02,237,0.76
1,moist,2015-06-12 07:05:02,272,0.88
2,moist,2015-06-12 07:05:02,238,0.77
1,moist,2015-06-12 07:15:02,270,0.87
2,moist,2015-06-12 07:15:02,238,0.77
1,moist,2015-06-12 07:25:02,268,0.86
2,moist,2015-06-12 07:25:02,234,0.75
1,moist,2015-06-12 07:35:02,269,0.87
2,moist,2015-06-12 07:35:02,238,0.77
1,moist,2015-06-12 07:45:02,265,0.85
2,moist,2015-06-12 07:45:02,235,0.76
1,moist,2015-06-12 07:55:02,165,0.53
2,moist,2015-06-12 07:55:02,228,0.74
1,moist,2015-06-12 08:05:02,157,0.51
2,moist,2015-06-12 08:05:02,200,0.65
1,moist,2015-06-12 08:15:02,163,0.53
2,moist,2015-06-12 08:15:02,201,0.65
1,moist,2015-06-12 08:25:02,169,0.55
2,moist,2015-06-12 08:25:02,202,0.65
1,moist,2015-06-12 08:35:02,176,0.57
2,moist,2015-06-12 08:35:02,204,0.66
1,moist,2015-06-12 08:45:02,183,0.59
2,moist,2015-06-12 08:45:02,202,0.65
1,moist,2015-06-12 08:55:02,184,0.59
2,moist,2015-06-12 08:55:02,204,0.66
1,moist,2015-06-12 09:05:02,193,0.62
2,moist,2015-06-12 09:05:02,205,0.66
1,moist,2015-06-12 09:15:02,195,0.63
2,moist,2015-06-12 09:15:02,205,0.66
1,moist,2015-06-12 09:25:02,199,0.64
2,moist,2015-06-12 09:25:02,206,0.66
1,moist,2015-06-12 09:35:02,200,0.65
2,moist,2015-06-12 09:35:02,208,0.67
1,moist,2015-06-12 09:45:02,203,0.65
2,moist,2015-06-12 09:45:02,206,0.66
1,moist,2015-06-12 09:55:02,206,0.66
2,moist,2015-06-12 09:55:02,205,0.66
1,moist,2015-06-12 10:05:02,207,0.67
2,moist,2015-06-12 10:05:02,205,0.66
1,moist,2015-06-12 10:15:02,209,0.67
2,moist,2015-06-12 10:15:02,206,0.66
1,moist,2015-06-12 10:25:02,205,0.66
2,moist,2015-06-12 10:25:02,205,0.66
1,moist,2015-06-12 10:35:02,205,0.66
2,moist,2015-06-12 10:35:02,204,0.66
1,moist,2015-06-12 10:45:02,207,0.67
2,moist,2015-06-12 10:45:02,205,0.66
1,moist,2015-06-12 10:55:02,207,0.67
2,moist,2015-06-12 10:55:02,204,0.66
1,moist,2015-06-12 11:05:02,207,0.67
2,moist,2015-06-12 11:05:02,205,0.66
1,moist,2015-06-12 11:15:02,210,0.68
2,moist,2015-06-12 11:15:02,204,0.66
1,moist,2015-06-12 11:25:02,209,0.67
2,moist,2015-06-12 11:25:02,204,0.66
1,moist,2015-06-12 11:35:02,208,0.67
2,moist,2015-06-12 11:35:02,204,0.66
1,moist,2015-06-12 11:45:02,211,0.68
2,moist,2015-06-12 11:45:02,204,0.66
1,moist,2015-06-12 11:55:02,213,0.69
2,moist,2015-06-12 11:55:02,202,0.65
1,moist,2015-06-12 12:05:02,214,0.69
2,moist,2015-06-12 12:05:02,203,0.65
1,moist,2015-06-12 12:15:02,213,0.69
2,moist,2015-06-12 12:15:02,204,0.66
1,moist,2015-06-12 12:25:02,215,0.69
2,moist,2015-06-12 12:25:02,202,0.65
1,moist,2015-06-12 12:35:02,215,0.69
2,moist,2015-06-12 12:35:02,205,0.66
1,moist,2015-06-12 12:45:02,213,0.69
2,moist,2015-06-12 12:45:02,204,0.66
1,moist,2015-06-12 12:55:02,214,0.69
2,moist,2015-06-12 12:55:02,204,0.66
1,moist,2015-06-12 13:05:02,214,0.69
2,moist,2015-06-12 13:05:02,203,0.65
1,moist,2015-06-12 13:15:02,212,0.68
2,moist,2015-06-12 13:15:02,203,0.65
1,moist,2015-06-12 13:25:02,216,0.7
2,moist,2015-06-12 13:25:02,205,0.66
1,moist,2015-06-12 13:35:02,217,0.7
2,moist,2015-06-12 13:35:02,205,0.66
1,moist,2015-06-12 13:45:02,221,0.71
2,moist,2015-06-12 13:45:02,204,0.66
1,moist,2015-06-12 13:55:02,218,0.7
2,moist,2015-06-12 13:55:02,209,0.67
1,moist,2015-06-12 14:05:02,218,0.7
2,moist,2015-06-12 14:05:02,204,0.66
1,moist,2015-06-12 14:15:02,219,0.71
2,moist,2015-06-12 14:15:02,202,0.65
1,moist,2015-06-12 14:25:02,220,0.71
2,moist,2015-06-12 14:25:02,205,0.66
1,moist,2015-06-12 14:35:02,218,0.7
2,moist,2015-06-12 14:35:02,202,0.65
1,moist,2015-06-12 14:45:02,218,0.7
2,moist,2015-06-12 14:45:02,204,0.66
1,moist,2015-06-12 14:55:02,216,0.7
2,moist,2015-06-12 14:55:02,202,0.65
1,moist,2015-06-12 15:05:02,218,0.7
2,moist,2015-06-12 15:05:02,202,0.65
1,moist,2015-06-12 15:15:02,214,0.69
2,moist,2015-06-12 15:15:02,204,0.66
1,moist,2015-06-12 15:25:02,218,0.7
2,moist,2015-06-12 15:25:02,204,0.66
1,moist,2015-06-12 15:35:02,217,0.7
2,moist,2015-06-12 15:35:02,203,0.65
1,moist,2015-06-12 15:45:02,217,0.7
2,moist,2015-06-12 15:45:02,202,0.65
1,moist,2015-06-12 15:55:02,215,0.69
2,moist,2015-06-12 15:55:02,202,0.65
1,moist,2015-06-12 16:05:02,218,0.7
2,moist,2015-06-12 16:05:02,202,0.65
1,moist,2015-06-12 16:15:02,218,0.7
2,moist,2015-06-12 16:15:02,203,0.65
1,moist,2015-06-12 16:25:02,216,0.7
2,moist,2015-06-12 16:25:02,204,0.66
1,moist,2015-06-12 16:35:02,216,0.7
2,moist,2015-06-12 16:35:02,202,0.65
1,moist,2015-06-12 16:45:02,218,0.7
2,moist,2015-06-12 16:45:02,203,0.65
1,moist,2015-06-12 16:55:02,217,0.7
2,moist,2015-06-12 16:55:02,202,0.65
1,moist,2015-06-12 17:05:02,217,0.7
2,moist,2015-06-12 17:05:02,203,0.65
1,moist,2015-06-12 17:15:02,218,0.7
2,moist,2015-06-12 17:15:02,204,0.66
1,moist,2015-06-12 17:25:02,215,0.69
2,moist,2015-06-12 17:25:02,201,0.65
1,moist,2015-06-12 17:35:02,217,0.7
2,moist,2015-06-12 17:35:02,203,0.65
1,moist,2015-06-12 17:45:02,216,0.7
2,moist,2015-06-12 17:45:02,203,0.65
1,moist,2015-06-12 17:55:02,215,0.69
2,moist,2015-06-12 17:55:02,203,0.65
1,moist,2015-06-12 18:05:02,215,0.69
2,moist,2015-06-12 18:05:02,201,0.65
1,moist,2015-06-12 18:15:02,217,0.7
2,moist,2015-06-12 18:15:02,202,0.65
1,moist,2015-06-12 18:25:02,215,0.69
2,moist,2015-06-12 18:25:02,209,0.67
1,moist,2015-06-12 18:35:02,216,0.7
2,moist,2015-06-12 18:35:02,200,0.65
1,moist,2015-06-12 18:45:02,216,0.7
2,moist,2015-06-12 18:45:02,202,0.65
1,moist,2015-06-12 18:55:02,217,0.7
2,moist,2015-06-12 18:55:02,203,0.65
1,moist,2015-06-12 19:05:02,215,0.69
2,moist,2015-06-12 19:05:02,201,0.65
1,moist,2015-06-12 19:15:02,216,0.7
2,moist,2015-06-12 19:15:02,201,0.65
1,moist,2015-06-12 19:25:02,215,0.69
2,moist,2015-06-12 19:25:02,201,0.65
1,moist,2015-06-12 19:35:02,216,0.7
2,moist,2015-06-12 19:35:02,202,0.65
1,moist,2015-06-12 19:45:02,217,0.7
2,moist,2015-06-12 19:45:02,202,0.65
1,moist,2015-06-12 19:55:02,215,0.69
2,moist,2015-06-12 19:55:02,201,0.65
1,moist,2015-06-12 20:05:02,217,0.7
2,moist,2015-06-12 20:05:02,201,0.65
1,moist,2015-06-12 20:15:02,213,0.69
2,moist,2015-06-12 20:15:02,207,0.67
1,moist,2015-06-12 20:25:02,216,0.7
2,moist,2015-06-12 20:25:02,202,0.65
1,moist,2015-06-12 20:35:02,217,0.7
2,moist,2015-06-12 20:35:02,201,0.65
1,moist,2015-06-12 20:45:02,216,0.7
2,moist,2015-06-12 20:45:02,202,0.65
1,moist,2015-06-12 20:55:02,213,0.69
2,moist,2015-06-12 20:55:02,199,0.64
1,moist,2015-06-12 21:05:02,216,0.7
2,moist,2015-06-12 21:05:02,200,0.65
1,moist,2015-06-12 21:15:02,215,0.69
2,moist,2015-06-12 21:15:02,199,0.64
1,moist,2015-06-12 21:25:02,214,0.69
2,moist,2015-06-12 21:25:02,200,0.65
1,moist,2015-06-12 21:35:02,216,0.7
2,moist,2015-06-12 21:35:02,200,0.65
1,moist,2015-06-12 21:45:02,217,0.7
2,moist,2015-06-12 21:45:02,200,0.65
1,moist,2015-06-12 21:55:02,213,0.69
2,moist,2015-06-12 21:55:02,200,0.65
1,moist,2015-06-12 22:05:02,217,0.7
2,moist,2015-06-12 22:05:02,198,0.64
1,moist,2015-06-12 22:15:02,216,0.7
2,moist,2015-06-12 22:15:02,200,0.65
1,moist,2015-06-12 22:25:02,217,0.7
2,moist,2015-06-12 22:25:02,202,0.65
1,moist,2015-06-12 22:35:02,215,0.69
2,moist,2015-06-12 22:35:02,200,0.65
1,moist,2015-06-12 22:45:02,216,0.7
2,moist,2015-06-12 22:45:02,200,0.65
1,moist,2015-06-12 22:55:02,216,0.7
2,moist,2015-06-12 22:55:02,201,0.65
1,moist,2015-06-12 23:05:02,216,0.7
2,moist,2015-06-12 23:05:02,201,0.65
1,moist,2015-06-12 23:15:02,217,0.7
2,moist,2015-06-12 23:15:02,202,0.65
1,moist,2015-06-12 23:25:02,216,0.7
2,moist,2015-06-12 23:25:02,199,0.64
1,moist,2015-06-12 23:35:02,218,0.7
2,moist,2015-06-12 23:35:02,201,0.65
1,moist,2015-06-12 23:45:02,219,0.71
2,moist,2015-06-12 23:45:02,200,0.65
1,moist,2015-06-12 23:55:02,215,0.69
2,moist,2015-06-12 23:55:02,201,0.65
1,moist,2015-06-13 00:05:02,217,0.7
2,moist,2015-06-13 00:05:02,201,0.65
1,moist,2015-06-13 00:15:02,216,0.7
2,moist,2015-06-13 00:15:02,200,0.65
1,moist,2015-06-13 00:25:02,216,0.7
2,moist,2015-06-13 00:25:02,202,0.65
1,moist,2015-06-13 00:35:02,216,0.7
2,moist,2015-06-13 00:35:02,202,0.65
1,moist,2015-06-13 00:45:02,216,0.7
2,moist,2015-06-13 00:45:02,200,0.65
1,moist,2015-06-13 00:55:02,216,0.7
2,moist,2015-06-13 00:55:02,200,0.65
1,moist,2015-06-13 01:05:02,217,0.7
2,moist,2015-06-13 01:05:02,203,0.65
1,moist,2015-06-13 01:15:02,215,0.69
2,moist,2015-06-13 01:15:02,199,0.64
1,moist,2015-06-13 01:25:02,216,0.7
2,moist,2015-06-13 01:25:02,202,0.65
1,moist,2015-06-13 01:35:02,214,0.69
2,moist,2015-06-13 01:35:02,200,0.65
1,moist,2015-06-13 01:45:02,215,0.69
2,moist,2015-06-13 01:45:02,201,0.65
1,moist,2015-06-13 01:55:02,216,0.7
2,moist,2015-06-13 01:55:02,202,0.65
1,moist,2015-06-13 02:05:02,217,0.7
2,moist,2015-06-13 02:05:02,200,0.65
1,moist,2015-06-13 02:15:02,215,0.69
2,moist,2015-06-13 02:15:02,200,0.65
1,moist,2015-06-13 02:25:02,214,0.69
2,moist,2015-06-13 02:25:02,200,0.65
1,moist,2015-06-13 02:35:02,216,0.7
2,moist,2015-06-13 02:35:02,202,0.65
1,moist,2015-06-13 02:45:02,215,0.69
2,moist,2015-06-13 02:45:02,200,0.65
1,moist,2015-06-13 02:55:02,215,0.69
2,moist,2015-06-13 02:55:02,202,0.65
1,moist,2015-06-13 03:05:02,215,0.69
2,moist,2015-06-13 03:05:02,200,0.65
1,moist,2015-06-13 03:15:02,216,0.7
2,moist,2015-06-13 03:15:02,202,0.65
1,moist,2015-06-13 03:25:02,215,0.69
2,moist,2015-06-13 03:25:02,201,0.65
1,moist,2015-06-13 03:35:02,215,0.69
2,moist,2015-06-13 03:35:02,201,0.65
1,moist,2015-06-13 03:45:02,214,0.69
2,moist,2015-06-13 03:45:02,200,0.65
1,moist,2015-06-13 03:55:02,215,0.69
2,moist,2015-06-13 03:55:02,201,0.65
1,moist,2015-06-13 04:05:02,214,0.69
2,moist,2015-06-13 04:05:02,200,0.65
1,moist,2015-06-13 04:15:02,215,0.69
2,moist,2015-06-13 04:15:02,200,0.65
1,moist,2015-06-13 04:25:02,215,0.69
2,moist,2015-06-13 04:25:02,198,0.64
1,moist,2015-06-13 04:35:02,215,0.69
2,moist,2015-06-13 04:35:02,200,0.65
1,moist,2015-06-13 04:45:02,216,0.7
2,moist,2015-06-13 04:45:02,201,0.65
1,moist,2015-06-13 04:55:02,215,0.69
2,moist,2015-06-13 04:55:02,201,0.65
1,moist,2015-06-13 05:05:02,216,0.7
2,moist,2015-06-13 05:05:02,202,0.65
1,moist,2015-06-13 05:15:02,216,0.7
2,moist,2015-06-13 05:15:02,202,0.65
1,moist,2015-06-13 05:25:02,217,0.7
2,moist,2015-06-13 05:25:02,201,0.65
1,moist,2015-06-13 05:35:02,217,0.7
2,moist,2015-06-13 05:35:02,202,0.65
1,moist,2015-06-13 05:45:02,215,0.69
2,moist,2015-06-13 05:45:02,200,0.65
1,moist,2015-06-13 05:55:02,217,0.7
2,moist,2015-06-13 05:55:02,202,0.65
1,moist,2015-06-13 06:05:02,215,0.69
2,moist,2015-06-13 06:05:02,201,0.65
1,moist,2015-06-13 06:15:02,216,0.7
2,moist,2015-06-13 06:15:02,201,0.65
1,moist,2015-06-13 06:25:02,215,0.69
2,moist,2015-06-13 06:25:02,203,0.65
1,moist,2015-06-13 06:35:02,216,0.7
2,moist,2015-06-13 06:35:02,201,0.65
1,moist,2015-06-13 06:45:02,215,0.69
2,moist,2015-06-13 06:45:02,202,0.65
1,moist,2015-06-13 06:55:02,215,0.69
2,moist,2015-06-13 06:55:02,202,0.65
1,moist,2015-06-13 07:05:02,218,0.7
2,moist,2015-06-13 07:05:02,201,0.65
1,moist,2015-06-13 07:15:02,217,0.7
2,moist,2015-06-13 07:15:02,202,0.65
1,moist,2015-06-13 07:25:02,215,0.69
2,moist,2015-06-13 07:25:02,200,0.65
1,moist,2015-06-13 07:35:02,217,0.7
2,moist,2015-06-13 07:35:02,202,0.65
1,moist,2015-06-13 07:45:02,215,0.69
2,moist,2015-06-13 07:45:02,204,0.66
1,moist,2015-06-13 07:55:02,214,0.69
2,moist,2015-06-13 07:55:02,201,0.65
1,moist,2015-06-13 08:05:02,215,0.69
2,moist,2015-06-13 08:05:02,203,0.65
1,moist,2015-06-13 08:15:02,214,0.69
2,moist,2015-06-13 08:15:02,201,0.65
1,moist,2015-06-13 08:25:02,215,0.69
2,moist,2015-06-13 08:25:02,202,0.65
1,moist,2015-06-13 08:35:02,215,0.69
2,moist,2015-06-13 08:35:02,201,0.65
1,moist,2015-06-13 08:45:02,215,0.69
2,moist,2015-06-13 08:45:02,201,0.65
1,moist,2015-06-13 08:55:02,214,0.69
2,moist,2015-06-13 08:55:02,202,0.65
1,moist,2015-06-13 09:05:02,214,0.69
2,moist,2015-06-13 09:05:02,202,0.65
1,moist,2015-06-13 09:15:02,213,0.69
2,moist,2015-06-13 09:15:02,201,0.65
1,moist,2015-06-13 09:25:02,214,0.69
2,moist,2015-06-13 09:25:02,201,0.65
1,moist,2015-06-13 09:35:02,213,0.69
2,moist,2015-06-13 09:35:02,201,0.65
1,moist,2015-06-13 09:45:02,212,0.68
2,moist,2015-06-13 09:45:02,202,0.65
1,moist,2015-06-13 09:55:02,214,0.69
2,moist,2015-06-13 09:55:02,201,0.65
1,moist,2015-06-13 10:05:02,213,0.69
2,moist,2015-06-13 10:05:02,201,0.65
1,moist,2015-06-13 10:15:02,212,0.68
2,moist,2015-06-13 10:15:02,201,0.65
1,moist,2015-06-13 10:25:02,213,0.69
2,moist,2015-06-13 10:25:02,207,0.67
1,moist,2015-06-13 10:35:02,214,0.69
2,moist,2015-06-13 10:35:02,209,0.67
1,moist,2015-06-13 10:45:02,214,0.69
2,moist,2015-06-13 10:45:02,210,0.68
1,moist,2015-06-13 10:55:02,207,0.67
2,moist,2015-06-13 10:55:02,209,0.67
1,moist,2015-06-13 11:05:02,214,0.69
2,moist,2015-06-13 11:05:02,207,0.67
1,moist,2015-06-13 11:15:02,213,0.69
2,moist,2015-06-13 11:15:02,209,0.67
1,moist,2015-06-13 11:25:02,214,0.69
2,moist,2015-06-13 11:25:02,208,0.67
1,moist,2015-06-13 11:35:02,215,0.69
2,moist,2015-06-13 11:35:02,211,0.68
1,moist,2015-06-13 11:45:02,214,0.69
2,moist,2015-06-13 11:45:02,212,0.68
1,moist,2015-06-13 11:55:02,216,0.7
2,moist,2015-06-13 11:55:02,211,0.68
1,moist,2015-06-13 12:05:02,213,0.69
2,moist,2015-06-13 12:05:02,209,0.67
1,moist,2015-06-13 12:15:02,214,0.69
2,moist,2015-06-13 12:15:02,210,0.68
1,moist,2015-06-13 12:25:02,215,0.69
2,moist,2015-06-13 12:25:02,211,0.68
1,moist,2015-06-13 12:35:02,215,0.69
2,moist,2015-06-13 12:35:02,212,0.68
1,moist,2015-06-13 12:45:02,214,0.69
2,moist,2015-06-13 12:45:02,211,0.68
1,moist,2015-06-13 12:55:02,213,0.69
2,moist,2015-06-13 12:55:02,210,0.68
1,moist,2015-06-13 13:05:02,214,0.69
2,moist,2015-06-13 13:05:02,212,0.68
1,moist,2015-06-13 13:15:02,215,0.69
2,moist,2015-06-13 13:15:02,211,0.68
1,moist,2015-06-13 13:25:02,215,0.69
2,moist,2015-06-13 13:25:02,210,0.68
1,moist,2015-06-13 13:35:02,213,0.69
2,moist,2015-06-13 13:35:02,211,0.68
1,moist,2015-06-13 13:45:02,213,0.69
2,moist,2015-06-13 13:45:02,210,0.68
1,moist,2015-06-13 13:55:02,213,0.69
2,moist,2015-06-13 13:55:02,209,0.67
1,moist,2015-06-13 14:05:02,212,0.68
2,moist,2015-06-13 14:05:02,209,0.67
1,moist,2015-06-13 14:15:02,213,0.69
2,moist,2015-06-13 14:15:02,210,0.68
1,moist,2015-06-13 14:25:02,214,0.69
2,moist,2015-06-13 14:25:02,210,0.68
1,moist,2015-06-13 14:35:02,212,0.68
2,moist,2015-06-13 14:35:02,210,0.68
1,moist,2015-06-13 14:45:02,212,0.68
2,moist,2015-06-13 14:45:02,209,0.67
1,moist,2015-06-13 14:55:02,212,0.68
2,moist,2015-06-13 14:55:02,209,0.67
1,moist,2015-06-13 15:05:02,212,0.68
2,moist,2015-06-13 15:05:02,207,0.67
1,moist,2015-06-13 15:15:02,212,0.68
2,moist,2015-06-13 15:15:02,208,0.67
1,moist,2015-06-13 15:25:02,213,0.69
2,moist,2015-06-13 15:25:02,209,0.67
1,moist,2015-06-13 15:35:02,213,0.69
2,moist,2015-06-13 15:35:02,209,0.67
1,moist,2015-06-13 15:45:02,213,0.69
2,moist,2015-06-13 15:45:02,209,0.67
1,moist,2015-06-13 15:55:02,213,0.69
2,moist,2015-06-13 15:55:02,208,0.67
1,moist,2015-06-13 16:05:02,213,0.69
2,moist,2015-06-13 16:05:02,209,0.67
1,moist,2015-06-13 16:15:02,212,0.68
2,moist,2015-06-13 16:15:02,208,0.67
1,moist,2015-06-13 16:25:02,212,0.68
2,moist,2015-06-13 16:25:02,207,0.67
1,moist,2015-06-13 16:35:02,213,0.69
2,moist,2015-06-13 16:35:02,208,0.67
1,moist,2015-06-13 16:45:02,212,0.68
2,moist,2015-06-13 16:45:02,208,0.67
1,moist,2015-06-13 16:55:02,210,0.68
2,moist,2015-06-13 16:55:02,207,0.67
1,moist,2015-06-13 17:05:02,210,0.68
2,moist,2015-06-13 17:05:02,207,0.67
1,moist,2015-06-13 17:15:02,210,0.68
2,moist,2015-06-13 17:15:02,206,0.66
1,moist,2015-06-13 17:25:02,211,0.68
2,moist,2015-06-13 17:25:02,208,0.67
1,moist,2015-06-13 17:35:02,210,0.68
2,moist,2015-06-13 17:35:02,207,0.67
1,moist,2015-06-13 17:45:02,210,0.68
2,moist,2015-06-13 17:45:02,206,0.66
1,moist,2015-06-13 17:55:02,215,0.69
2,moist,2015-06-13 17:55:02,206,0.66
1,moist,2015-06-13 18:05:02,212,0.68
2,moist,2015-06-13 18:05:02,208,0.67
1,moist,2015-06-13 18:15:02,211,0.68
2,moist,2015-06-13 18:15:02,206,0.66
1,moist,2015-06-13 18:25:02,211,0.68
2,moist,2015-06-13 18:25:02,206,0.66
1,moist,2015-06-13 18:35:02,211,0.68
2,moist,2015-06-13 18:35:02,208,0.67
1,moist,2015-06-13 18:45:02,211,0.68
2,moist,2015-06-13 18:45:02,209,0.67
1,moist,2015-06-13 18:55:02,212,0.68
2,moist,2015-06-13 18:55:02,208,0.67
1,moist,2015-06-13 19:05:02,210,0.68
2,moist,2015-06-13 19:05:02,207,0.67
1,moist,2015-06-13 19:15:02,210,0.68
2,moist,2015-06-13 19:15:02,207,0.67
1,moist,2015-06-13 19:25:02,210,0.68
2,moist,2015-06-13 19:25:02,207,0.67
1,moist,2015-06-13 19:35:02,211,0.68
2,moist,2015-06-13 19:35:02,208,0.67
1,moist,2015-06-13 19:45:02,211,0.68
2,moist,2015-06-13 19:45:02,208,0.67
1,moist,2015-06-13 19:55:02,211,0.68
2,moist,2015-06-13 19:55:02,208,0.67
1,moist,2015-06-13 20:05:02,210,0.68
2,moist,2015-06-13 20:05:02,207,0.67
1,moist,2015-06-13 20:15:02,210,0.68
2,moist,2015-06-13 20:15:02,206,0.66
1,moist,2015-06-13 20:25:02,210,0.68
2,moist,2015-06-13 20:25:02,207,0.67
1,moist,2015-06-13 20:35:02,211,0.68
2,moist,2015-06-13 20:35:02,208,0.67
1,moist,2015-06-13 20:45:02,210,0.68
2,moist,2015-06-13 20:45:02,207,0.67
1,moist,2015-06-13 20:55:02,210,0.68
2,moist,2015-06-13 20:55:02,206,0.66
1,moist,2015-06-13 21:05:02,211,0.68
2,moist,2015-06-13 21:05:02,207,0.67
1,moist,2015-06-13 21:15:02,211,0.68
2,moist,2015-06-13 21:15:02,209,0.67
1,moist,2015-06-13 21:25:02,210,0.68
2,moist,2015-06-13 21:25:02,208,0.67
1,moist,2015-06-13 21:35:02,212,0.68
2,moist,2015-06-13 21:35:02,206,0.66
1,moist,2015-06-13 21:45:02,210,0.68
2,moist,2015-06-13 21:45:02,208,0.67
1,moist,2015-06-13 21:55:02,212,0.68
2,moist,2015-06-13 21:55:02,207,0.67
1,moist,2015-06-13 22:05:02,213,0.69
2,moist,2015-06-13 22:05:02,209,0.67
1,moist,2015-06-13 22:15:02,212,0.68
2,moist,2015-06-13 22:15:02,204,0.66
1,moist,2015-06-13 22:25:02,211,0.68
2,moist,2015-06-13 22:25:02,208,0.67
1,moist,2015-06-13 22:35:02,212,0.68
2,moist,2015-06-13 22:35:02,208,0.67
1,moist,2015-06-13 22:45:02,212,0.68
2,moist,2015-06-13 22:45:02,209,0.67
1,moist,2015-06-13 22:55:02,213,0.69
2,moist,2015-06-13 22:55:02,210,0.68
1,moist,2015-06-13 23:05:02,213,0.69
2,moist,2015-06-13 23:05:02,209,0.67
1,moist,2015-06-13 23:15:02,212,0.68
2,moist,2015-06-13 23:15:02,209,0.67
1,moist,2015-06-13 23:25:02,213,0.69
2,moist,2015-06-13 23:25:02,208,0.67
1,moist,2015-06-13 23:35:02,214,0.69
2,moist,2015-06-13 23:35:02,209,0.67
1,moist,2015-06-13 23:45:02,214,0.69
2,moist,2015-06-13 23:45:02,210,0.68
1,moist,2015-06-13 23:55:02,214,0.69
2,moist,2015-06-13 23:55:02,209,0.67
1,moist,2015-06-14 00:05:02,213,0.69
2,moist,2015-06-14 00:05:02,209,0.67
1,moist,2015-06-14 00:15:02,212,0.68
2,moist,2015-06-14 00:15:02,209,0.67
1,moist,2015-06-14 00:25:02,213,0.69
2,moist,2015-06-14 00:25:02,208,0.67
1,moist,2015-06-14 00:35:02,217,0.7
2,moist,2015-06-14 00:35:02,209,0.67
1,moist,2015-06-14 00:45:02,213,0.69
2,moist,2015-06-14 00:45:02,209,0.67
1,moist,2015-06-14 00:55:02,213,0.69
2,moist,2015-06-14 00:55:02,208,0.67
1,moist,2015-06-14 01:05:02,213,0.69
2,moist,2015-06-14 01:05:02,209,0.67
1,moist,2015-06-14 01:15:02,213,0.69
2,moist,2015-06-14 01:15:02,209,0.67
1,moist,2015-06-14 01:25:02,213,0.69
2,moist,2015-06-14 01:25:02,208,0.67
1,moist,2015-06-14 01:35:02,213,0.69
2,moist,2015-06-14 01:35:02,211,0.68
1,moist,2015-06-14 01:45:02,212,0.68
2,moist,2015-06-14 01:45:02,210,0.68
1,moist,2015-06-14 01:55:02,210,0.68
2,moist,2015-06-14 01:55:02,208,0.67
1,moist,2015-06-14 02:05:02,212,0.68
2,moist,2015-06-14 02:05:02,210,0.68
1,moist,2015-06-14 02:15:02,212,0.68
2,moist,2015-06-14 02:15:02,209,0.67
1,moist,2015-06-14 02:25:02,212,0.68
2,moist,2015-06-14 02:25:02,210,0.68
1,moist,2015-06-14 02:35:02,213,0.69
2,moist,2015-06-14 02:35:02,210,0.68
1,moist,2015-06-14 02:45:02,212,0.68
2,moist,2015-06-14 02:45:02,212,0.68
1,moist,2015-06-14 02:55:02,213,0.69
2,moist,2015-06-14 02:55:02,209,0.67
1,moist,2015-06-14 03:05:02,212,0.68
2,moist,2015-06-14 03:05:02,209,0.67
1,moist,2015-06-14 03:15:02,213,0.69
2,moist,2015-06-14 03:15:02,209,0.67
1,moist,2015-06-14 03:25:02,213,0.69
2,moist,2015-06-14 03:25:02,209,0.67
1,moist,2015-06-14 03:35:02,213,0.69
2,moist,2015-06-14 03:35:02,211,0.68
1,moist,2015-06-14 03:45:02,213,0.69
2,moist,2015-06-14 03:45:02,209,0.67
1,moist,2015-06-14 03:55:02,213,0.69
2,moist,2015-06-14 03:55:02,210,0.68
1,moist,2015-06-14 04:05:02,212,0.68
2,moist,2015-06-14 04:05:02,210,0.68
1,moist,2015-06-14 04:15:02,212,0.68
2,moist,2015-06-14 04:15:02,209,0.67
1,moist,2015-06-14 04:25:02,212,0.68
2,moist,2015-06-14 04:25:02,209,0.67
1,moist,2015-06-14 04:35:02,212,0.68
2,moist,2015-06-14 04:35:02,209,0.67
1,moist,2015-06-14 04:45:02,214,0.69
2,moist,2015-06-14 04:45:02,210,0.68
1,moist,2015-06-14 04:55:02,213,0.69
2,moist,2015-06-14 04:55:02,209,0.67
1,moist,2015-06-14 05:05:02,213,0.69
2,moist,2015-06-14 05:05:02,209,0.67
1,moist,2015-06-14 05:15:02,211,0.68
2,moist,2015-06-14 05:15:02,208,0.67
1,moist,2015-06-14 05:25:02,213,0.69
2,moist,2015-06-14 05:25:02,210,0.68
1,moist,2015-06-14 05:35:02,214,0.69
2,moist,2015-06-14 05:35:02,209,0.67
1,moist,2015-06-14 05:45:02,212,0.68
2,moist,2015-06-14 05:45:02,209,0.67
1,moist,2015-06-14 05:55:02,213,0.69
2,moist,2015-06-14 05:55:02,210,0.68
1,moist,2015-06-14 06:05:02,213,0.69
2,moist,2015-06-14 06:05:02,208,0.67
1,moist,2015-06-14 06:15:02,213,0.69
2,moist,2015-06-14 06:15:02,210,0.68
1,moist,2015-06-14 06:25:02,212,0.68
2,moist,2015-06-14 06:25:02,210,0.68
1,moist,2015-06-14 06:35:02,212,0.68
2,moist,2015-06-14 06:35:02,212,0.68
1,moist,2015-06-14 06:45:02,213,0.69
2,moist,2015-06-14 06:45:02,216,0.7
1,moist,2015-06-14 06:55:02,213,0.69
2,moist,2015-06-14 06:55:02,216,0.7
1,moist,2015-06-14 07:05:02,211,0.68
2,moist,2015-06-14 07:05:02,209,0.67
1,moist,2015-06-14 07:15:02,212,0.68
2,moist,2015-06-14 07:15:02,209,0.67
1,moist,2015-06-14 07:25:02,211,0.68
2,moist,2015-06-14 07:25:02,208,0.67
1,moist,2015-06-14 07:35:02,211,0.68
2,moist,2015-06-14 07:35:02,209,0.67
1,moist,2015-06-14 07:45:02,212,0.68
2,moist,2015-06-14 07:45:02,208,0.67
1,moist,2015-06-14 07:55:02,211,0.68
2,moist,2015-06-14 07:55:02,209,0.67
1,moist,2015-06-14 08:05:02,210,0.68
2,moist,2015-06-14 08:05:02,209,0.67
1,moist,2015-06-14 08:15:02,211,0.68
2,moist,2015-06-14 08:15:02,209,0.67
1,moist,2015-06-14 08:25:02,210,0.68
2,moist,2015-06-14 08:25:02,209,0.67
1,moist,2015-06-14 08:35:02,210,0.68
2,moist,2015-06-14 08:35:02,208,0.67
1,moist,2015-06-14 08:45:02,210,0.68
2,moist,2015-06-14 08:45:02,208,0.67
1,moist,2015-06-14 08:55:02,132,0.43
2,moist,2015-06-14 08:55:02,188,0.61
1,moist,2015-06-14 09:05:02,140,0.45
2,moist,2015-06-14 09:05:02,192,0.62
1,moist,2015-06-14 09:15:02,144,0.46
2,moist,2015-06-14 09:15:02,194,0.63
1,moist,2015-06-14 09:25:02,147,0.47
2,moist,2015-06-14 09:25:02,195,0.63
1,moist,2015-06-14 09:35:02,150,0.48
2,moist,2015-06-14 09:35:02,197,0.64
1,moist,2015-06-14 09:45:02,154,0.5
2,moist,2015-06-14 09:45:02,197,0.64
1,moist,2015-06-14 09:55:02,157,0.51
2,moist,2015-06-14 09:55:02,198,0.64
1,moist,2015-06-14 10:05:02,159,0.51
2,moist,2015-06-14 10:05:02,198,0.64
1,moist,2015-06-14 10:15:02,165,0.53
2,moist,2015-06-14 10:15:02,198,0.64
1,moist,2015-06-14 10:25:02,164,0.53
2,moist,2015-06-14 10:25:02,198,0.64
1,moist,2015-06-14 10:35:02,165,0.53
2,moist,2015-06-14 10:35:02,198,0.64
1,moist,2015-06-14 10:45:02,169,0.55
2,moist,2015-06-14 10:45:02,200,0.65
1,moist,2015-06-14 10:55:02,171,0.55
2,moist,2015-06-14 10:55:02,200,0.65
1,moist,2015-06-14 11:05:02,171,0.55
2,moist,2015-06-14 11:05:02,201,0.65
1,moist,2015-06-14 11:15:02,173,0.56
2,moist,2015-06-14 11:15:02,200,0.65
1,moist,2015-06-14 11:25:02,174,0.56
2,moist,2015-06-14 11:25:02,200,0.65
1,moist,2015-06-14 11:35:02,178,0.57
2,moist,2015-06-14 11:35:02,201,0.65
1,moist,2015-06-14 11:45:02,181,0.58
2,moist,2015-06-14 11:45:02,202,0.65
